VALOR_BF,QTD_BF,VALOR_AE,QTD_AE,VALOR_BPC,QTD_BPC,CONF,OBT,INC,Selected,MUNICIPIO
0.4667177749876889,0.523086061116476,0.42613302063908515,0.5507888121075541,0.0373472101900482,0.03980294633770291,0.05428832527515501,0.0,0.054285049398125625,No,ACAUA
0.5539219239412362,0.4703053777053986,0.6063200856397628,0.6627880586034621,0.2951652952042799,0.29834201998804494,0.11281380524248057,0.0,0.11281177939029809,No,AGRICOLANDIA
0.3156638954372932,0.3024914057406232,0.3894593739306619,0.3883553625487983,0.7000028225739829,0.7004161798738976,0.553441715112786,1.0,0.5534388288307347,No,AGUA BRANCA
0.45026180838935487,0.5634476534324684,0.5005410813865828,0.5469979360311303,0.25358288736542633,0.25566929140020833,0.1275054563794195,0.06321250671662383,0.12750428399162242,No,ALAGOINHA DO PIAUI
0.47474089924888563,0.4566726380686468,0.6410500194874703,0.5375345964977162,0.15072011873075156,0.154176692393443,0.2622608496944677,0.0,0.26225433159152933,No,ALEGRETE DO PIAUI
0.37389215114826374,0.47210843436029704,0.4035502525966901,0.4403549702311391,0.1344046999977016,0.13552174175139653,0.10551378619200547,0.16905721787223466,0.10551312699655166,No,ALTO LONGA
0.10770304504077483,0.143249654578873,0.3781890638911452,0.3720083571486661,0.5309981198356327,0.5305438870556193,0.3439277372689014,0.22675794316673795,0.34392519410184264,No,ALTOS
0.7107012521263727,0.45554534003613967,0.48858990423343446,0.5530733820730205,0.10415407988634613,0.1073170138777621,0.07953019184743232,0.17849746775747882,0.07953415557765132,No,ALVORADA DO GURGUEIA
0.6416770686780868,0.4816067553178494,0.4742880890642845,0.47354247832544794,0.6735220157268084,0.6709424655632479,0.18869018296785933,0.16489563207940294,0.1886860310139838,No,AMARANTE
0.6083873035957164,0.749121119853912,0.7311203509055683,0.6481016906461723,0.43652880587014964,0.43875154817060047,0.14402788422672574,0.21374729915537222,0.14402674056992956,No,ANGICAL DO PIAUI
0.28167740601978136,0.4261998582132057,0.364911814937112,0.4177590002531544,0.19815794673063059,0.19977211568765305,0.10032711196905021,0.0,0.10033002602128246,No,ANISIO DE ABREU
0.5494685108323807,0.38130048414397755,0.3162034163715604,0.39455860635334516,0.08361809007152382,0.08911633118087467,0.6962699289019084,0.1528567916842253,0.6962702828492245,No,ANTONIO ALMEIDA
0.621586010373703,0.4919546407519842,0.6161441893298457,0.5779940984417816,0.0967285276613727,0.09966596370241522,0.09181346914943662,0.24865752642102254,0.09181493156191163,No,AROAZES
0.3492069230806307,0.5350678133622208,0.6253697161208879,0.6168011981063457,0.013828179118583635,0.020724525077637748,0.27121786026774036,0.18958796114813362,0.2712136918487804,No,AROEIRAS DO ITAIM
0.4985461901489894,0.47066901039756004,0.46079303510802155,0.5228110577031085,0.07089464921711765,0.07456210912214074,0.028875254620388206,0.0,0.028877276862214137,No,ARRAIAL
0.4214700388909023,0.40394653647365364,0.4458357843693204,0.5467925167880626,0.05170517663413246,0.053905953069644554,0.16876538486908607,0.06164145920072507,0.16876811440902073,No,ASSUNCAO DO PIAUI
0.8206126813223796,0.6567386684491081,0.6679931400136356,0.719917885436785,0.3437262239760611,0.34499324497430867,0.024719904624797968,0.1285248176691174,0.02472021832490639,No,AVELINO LOPES
0.5056235753590136,0.4099818762669761,0.5653991847937804,0.3934010108231851,0.05328193391173571,0.05475739355054779,1.0,0.3756904885206283,1.0,No,BAIXA GRANDE DO RIBEIRO
0.6760746799155055,0.5995732177877614,0.5657633624844322,0.597912709118353,0.08928292819920743,0.09366688036228227,0.024319349403552345,0.12240923535532496,0.024318263555395715,No,BARRA D'ALCANTARA
0.7159457424290031,0.5442632772454163,0.6821399843674181,0.5984934635878116,0.5490043600970715,0.5489091506359651,0.5625531185562759,0.5446152447862812,0.5625462776872792,No,BARRAS
0.8536371721145126,0.6806295655566336,0.7463686544594053,0.7103764078413505,0.16858152894387982,0.17370098512652116,0.0796922740933332,0.0,0.07969282193403711,No,BARREIRAS DO PIAUI
0.338439808590873,0.5519026550692634,0.5784920715153666,0.44935324293432855,0.26587191430174395,0.2656444789601684,0.5977376236478646,0.4126611679939325,0.5977384755336478,No,BARRO DURO
0.5802013093690311,0.46295174669560785,0.48375420927182505,0.5131695856394669,0.3217985183832587,0.3215232416352833,0.15508939643453018,0.14406341404889267,0.15509107448856546,No,BATALHA
0.4266965511375703,0.41876065801806267,0.4616092179773634,0.6422282725153725,0.02635792149303127,0.030724603097665195,0.08185312490836502,0.0,0.08185068438088389,No,BELA VISTA DO PIAUI
0.5329459332105947,0.5247440425151186,0.507973654399138,0.5461850988659758,0.0939761656896565,0.0988376583904541,0.2674794717844149,0.27125007789617994,0.2674797435951681,No,BELEM DO PIAUI
0.6430119634907481,0.4826021784296004,0.500675635815816,0.5881197966196989,0.1449177846617746,0.14479381735239755,0.24412973423484655,0.36964852499389617,0.24412405593517955,No,BENEDITINOS
0.6277431705055835,0.4927315034293391,0.5646717691295087,0.5145052889348599,0.09618892455419066,0.099310196186431,0.5974874187324787,0.3516734331131713,0.5974846093634305,No,BERTOLINIA
0.6405644577917053,0.6234295411849378,0.6980035808025563,0.8113334144208343,0.019897646617288316,0.01988062553378336,0.045279097814849845,0.07794341480884591,0.04527280035541264,No,BETANIA DO PIAUI
0.9796661832424203,0.775630075064964,0.7194669093864782,0.7130711642640396,0.015606408316549265,0.018191901111506526,0.14261917893245774,0.0,0.14261989887664223,No,BOA HORA
0.3728362964736417,0.3471555889115864,0.19807502014050524,0.3083761063146597,0.26652739726027397,0.27021556886227543,0.23731030385412633,0.0,0.23731198036768283,No,BOCAINA
0.35834234980436475,0.33599632155877324,0.5628243768525684,0.47689258000836554,0.7341220423412206,0.7334940508593203,0.47520509234247144,0.2304963130651204,0.4752057373754469,No,BOM JESUS
0.2909235003313658,0.4697966280481051,0.715024447718914,0.7991077361774074,0.1409774264580647,0.14398698163176313,0.0745788111007757,0.2577116637063351,0.07457318750132222,No,BOM PRINCIPIO DO PIAUI
0.5682536163102867,0.5045887166319816,0.6030103127343125,0.7119569655085697,0.2457477168949772,0.24864556601083546,0.12440584052490918,0.0852978640015677,0.1244050011635533,No,BONFIM DO PIAUI
0.5753831989309703,0.4669592948080999,0.5378253686144565,0.5756837849010036,0.14315089873875106,0.14577898985858467,0.22373048323714265,0.07548601356155593,0.22373014026105909,No,BOQUEIRAO DO PIAUI
0.3995658241830147,0.37508809057172204,0.47311555832366464,0.41902154252323115,0.20541130017746215,0.2073514155504575,0.13343647595137992,0.05806686143461266,0.13343840572045104,No,BRASILEIRA
0.9999999999999999,0.7374647005165156,0.696927167017636,0.7650409430967301,0.013655103844454267,0.013643422831755844,0.027574189204501335,0.0,0.027576212739850645,No,BREJO DO PIAUI
0.6760764132691719,0.48924588728538987,0.5987086796852431,0.5717807809764982,0.36736238387695,0.3679388102113351,0.3809593006105748,0.29339601974959134,0.38095792168228654,No,BURITI DOS LOPES
0.6187917803369309,0.4694165482903877,0.40223856501766075,0.5063609229960726,0.08557905126517917,0.08764349031195251,0.03219033468649324,0.058665561485794375,0.03218811483213099,No,BURITI DOS MONTES
0.5879341223012181,0.4232435155433265,0.4008226340882874,0.4135243264148799,0.08164125078612487,0.08323613494718479,0.2043865009962062,0.18274660453009214,0.2043834225390848,No,CABECEIRAS DO PIAUI
0.2551436830944787,0.23701841238640192,0.23978998699298332,0.33463517217759653,0.0545142644347535,0.059419234024224665,0.01835177713788671,0.0,0.01835240855528994,No,CAJAZEIRAS DO PIAUI
0.1320690161982431,0.2081183482625712,0.3234821889126972,0.4260749107898741,0.18002508666955866,0.18217712703355393,0.40033923579672676,0.5062956177847567,0.40033637267553795,No,CAJUEIRO DA PRAIA
0.717720408636655,0.6060865647232035,0.7199365989076335,0.8013991104431923,0.1118753139552249,0.11527272511468639,0.2617297452827433,0.0,0.26172544373691004,No,CALDEIRAO GRANDE DO PIAUI
0.6072446322426933,0.6034244239676528,0.5703861326950717,0.6188280748291877,0.053419440926030334,0.056513376240570706,0.061620492881183785,0.08616406358255636,0.06161543506314921,No,CAMPINAS DO PIAUI
0.6719163492578206,0.579947292781573,0.42714749364822224,0.47898911386077025,0.08550200641293212,0.08847989616335196,0.021354262771906333,0.0837324946137273,0.0213564915695276,No,CAMPO ALEGRE DO FIDALGO
0.5658836135684157,0.49192183646395615,0.6116252031433802,0.6495243791524649,0.11277914401105582,0.11564654638224812,0.17909415007413892,0.08137958756333315,0.17909200533118957,No,CAMPO GRANDE DO PIAUI
0.9749248610106837,0.7222246539345136,0.6368634727902885,0.6629300600110869,0.09450142274548476,0.09684162380007125,0.27801329289244825,0.2657721604005434,0.27801518965918465,No,CAMPO LARGO DO PIAUI
0.20732918648691437,0.23264209081746354,0.41328724046503423,0.4243741790318345,0.814234062522537,0.813913649863811,0.49647616856557375,0.43372906568730024,0.49647760688823545,No,CAMPO MAIOR
0.660371882796675,0.484169866107388,0.36724314165623123,0.38635696425426963,0.04465276573608462,0.04461456833169105,0.008258586674644878,0.0,0.008261228289153568,No,CANAVIEIRA
0.4407517144514252,0.48963728260800754,0.41275522629305017,0.4281510400899918,0.8000173035157899,0.7968376269597022,0.1418327044922501,0.136962917512311,0.14182656709471325,No,CANTO DO BURITI
0.489915105328753,0.4413648719418672,0.5793941959216277,0.6238339466908785,0.2456351889335898,0.2469686186005846,0.15505110437469566,0.042361293587535154,0.15504876346019592,No,CAPITAO DE CAMPOS
0.9907186783020341,0.8566647940127052,0.8536008564041216,0.8685427364996116,0.14196711544840673,0.1461399152913685,0.049145905350677255,0.11796070460704607,0.04914425945122597,No,CAPITAO GERVASIO OLIVEIRA
0.7458065549751564,0.5183806237412092,0.4545475127771045,0.5141508395027278,0.19550924682632506,0.1969563986720586,0.1545277652030758,0.1329165139855869,0.154530453362669,No,CARACOL
0.3980042902861063,0.5506082032788625,0.5520271647152134,0.5898545222131165,0.12924799352886798,0.1321406267220161,0.28596673043558407,0.2472591456487162,0.2859696629926591,No,CARAUBAS DO PIAUI
0.576190459170197,0.7160719715185647,0.8971561461506057,0.8729430805307545,0.0974658750821188,0.1008604460705587,0.06434964039968506,0.0,0.06434449639298483,No,CARIDADE DO PIAUI
0.46588236724307003,0.34872216851343385,0.4465695856822568,0.4830862509266594,0.6208491920893121,0.6194242677153301,0.06192788833386732,0.09812109736029395,0.06192219001882841,No,CASTELO DO PIAUI
0.5435990593976089,0.46516920082904817,0.5371781494283521,0.6336805464013335,0.02926633152503334,0.032490329076360555,0.20426638764737812,0.0,0.2042670672110686,No,CAXINGO
0.43123592553668366,0.45173199801656166,0.536561368614929,0.6180762085512477,0.4786026997940794,0.4788274963370844,0.2579281329993004,0.27848354346357007,0.2579280289407434,No,COCAL
0.62273403046447,0.5916928330407727,0.7661495862468138,0.6650313685000954,0.14424733155390249,0.14772703621585292,0.17056341374535555,0.2966503100933688,0.17056633311472635,No,COCAL DE TELHA
0.5747676429833515,0.5311561606224473,0.6407713100456918,0.777074862519051,0.06879704521015476,0.07160228543400765,0.27604570677219015,0.31440850894775807,0.2760477268400009,No,COCAL DOS ALVES
0.5088288457638773,0.4907449840219042,0.6525467765698029,0.6983547334053061,0.07458789102433042,0.07890785592993119,0.2633074779058662,0.12030818131564398,0.2633015295436756,No,COIVARAS
0.6527559248915261,0.6052896268286496,0.7508064878973484,0.6723571218351927,0.15777218738644336,0.1603551071823041,0.07422124280139414,0.14917917609157583,0.07422412151727348,No,COLONIA DO GURGUEIA
0.49624085224014447,0.4852091639332742,0.5239101635829182,0.5237935571166038,0.034556901382745746,0.03682916299063316,0.07491845281236588,0.06317122373156857,0.07492225348537097,No,COLONIA DO PIAUI
0.5988727105367702,0.6054819503878732,0.6816392462139098,0.6706596888061852,0.058756085665637066,0.062374937819551404,0.03498652614483664,0.1006951673722442,0.034980642704520934,No,CONCEICAO DO CANINDE
0.7378072927274456,0.5904309829679605,0.6109574413373117,0.6480867719605651,0.16575503385159135,0.16937717900380359,0.051768836779133326,0.10329749869476482,0.051767543210137726,No,CORONEL JOSE DIAS
0.29902785569008233,0.28442487943849426,0.340235453689451,0.35823200360744084,0.9698040951143393,0.9689737024974222,0.11545733693499352,0.054455662312966016,0.11545621866339463,No,CORRENTE
0.5349886571368055,0.3717355140787096,0.18817145399524088,0.26784800748683163,0.07443024913206775,0.07649133851900732,0.011575802167267788,0.0,0.011572066259070427,No,CRISTALANDIA DO PIAUI
0.67996084615566,0.442944243572102,0.5269063065558429,0.513039165610275,0.5431974893511321,0.5444235772913542,0.09395778869753359,0.04640112145149082,0.09395163849457362,No,CRISTINO CASTRO
0.5798388010943566,0.3630565439482476,0.3484276778745626,0.4501286775190248,0.6892209638583903,0.6901781263605561,0.151736776307768,0.04246916832533271,0.15173792549027906,No,CURIMATA
0.5230105916933698,0.5106702302913291,0.7015686137209328,0.6016982325455129,0.0,0.0,0.3050161795314067,0.0976259363925896,0.30500962575895413,No,CURRAIS
0.7104283767988314,0.4971538432765633,0.5450393421584918,0.5932320049534863,0.055577266378696366,0.059496132650296976,0.3784714048440964,0.0,0.3784721487655758,No,CURRALINHOS
0.5846159692242081,0.492210472044147,0.5054567852089185,0.5828253153512353,0.039613346357671934,0.042877748153328385,0.10049382765275672,0.0,0.10048869237766825,No,CURRAL NOVO DO PIAUI
0.5849519583399394,0.5544850341344966,0.7925676509011077,0.6585454183104924,0.29104929305867994,0.2920757601826094,0.7646420029262995,0.10500952932377988,0.7646343269373163,No,DEMERVAL LOBAO
0.6880216993446446,0.4463079505782449,0.48692527358602955,0.5284341336680219,0.342140432940018,0.34436134150184866,0.13635125377028143,0.068982868191255,0.13634728892085723,No,DIRCEU ARCOVERDE
0.24213173112946487,0.29759496610260067,0.3752625592188936,0.4707063573672073,0.10218912204955635,0.10465424886033264,0.12011696873769526,0.14010396549504311,0.12011043178404453,No,DOM EXPEDITO LOPES
0.5640342925608409,0.47483164981405157,0.5242338748801071,0.5758738900893702,0.23085121022914934,0.23470028943261584,0.033980179551605295,0.0,0.03397575578074425,No,DOMINGOS MOURAO
0.5541773950671436,0.5741871645708588,0.42271771538669306,0.4850886534771325,0.14950452487714813,0.15122078989781007,0.05842789596314205,0.050611018092181756,0.05843153017834099,No,DOM INOCENCIO
0.1894218033990858,0.2375268469826228,0.20073305062856617,0.27718237537093476,0.5290627996164909,0.5298170950251258,0.21052268234527977,0.26497131290995146,0.2105185216526688,No,ELESBAO VELOSO
0.436659027410328,0.3400718732760672,0.3169971615198692,0.3762532701368691,0.14713154447525748,0.15059118791917692,0.031981228798849785,0.19680117553973098,0.03197655969028327,No,ELISEU MARTINS
0.45762998428684093,0.3954075302963027,0.5472961182313845,0.47979660320219036,0.5401830606442841,0.5401644555467167,0.2605477226390905,0.3286169061579888,0.2605407349425628,No,ESPERANTINA
0.8962691985930182,0.6640851870160406,0.6794689887496077,0.7101787711223062,0.06979361066154549,0.07305456921092807,0.061328600379981536,0.09113225718652512,0.06132983562165478,No,FARTURA DO PIAUI
0.5726158079328747,0.6345076672219377,0.5164927584181251,0.5491691585809818,0.07904029785235683,0.08292131846546655,0.025988203847084935,0.1083663206114472,0.025989549175992725,No,FLORES DO PIAUI
0.5244319824714432,0.5445528208463233,0.5380838029104178,0.6025003194021205,0.10342753596024293,0.11022833145280979,0.2415226767079198,0.3781383024932673,0.24152192769045255,No,FLORESTA DO PIAUI
0.0091569781676732,0.0011929354825173635,0.12260667909949123,0.13223341834113062,0.6806766064739664,0.677741705210585,0.3762897563872808,0.23401230963173064,0.37628255304745184,No,FLORIANO
0.307364810497924,0.36577084681547356,0.20814629523564468,0.2829100353978227,0.10553682851610129,0.10874175359079896,0.0647954188307081,0.0,0.06479933994795743,No,FRANCINOPOLIS
0.4595625287960851,0.41960333612694245,0.3590400261426644,0.41724301303919514,0.08113083010926139,0.08511449961163231,0.05350120377430049,0.0,0.05350229537328905,No,FRANCISCO AYRES
0.3433673410335093,0.32825242729265797,0.3539891401331535,0.40966339790161815,0.07201380403730985,0.07195220112538743,0.3995297768370286,0.15189663595756558,0.3995324631365165,No,FRANCISCO MACEDO
0.22005135075102586,0.2530657398649362,0.16985680405170345,0.27757463730035364,0.23847710598615,0.23827310504005403,0.06905684520930196,0.0,0.06905159829909667,No,FRANCISCO SANTOS
0.42464365510463176,0.36939542433067063,0.44018843488643145,0.46073933654233273,0.19268868758285462,0.194039791384972,0.13767427541970575,0.041603345280764634,0.1376695085574055,No,FRONTEIRAS
0.6002933503147764,0.6241394164058831,0.7979925875351196,0.7374982197719654,0.07454435441240881,0.07771887316876722,0.129720768868145,0.17774306831638695,0.12971503522393113,No,GEMINIANO
0.4994846334542645,0.37945068013415895,0.41850561873197323,0.395153062051234,0.4751822853261915,0.47642432627728637,0.11727687446555807,0.04524217856771645,0.11727559288328504,No,GILBUES
0.4123941083378927,0.29509501293980334,0.414337476346663,0.3768199979300898,0.547665172286467,0.5455181645471796,0.07814731235075682,0.046065233725963314,0.07814846939854875,No,GUADALUPE
0.896362582344095,0.6338937089695404,0.6288623479114065,0.680818662910396,0.20491136577924848,0.20859902290990137,0.02768967420259664,0.0,0.02769256806786689,No,GUARIBAS
0.45282669033887335,0.512419020030623,0.5051524653395887,0.4679967276982767,0.09098706456411362,0.09545469288402818,0.7860388942147584,0.2494913019803399,0.7860331295352133,No,HUGO NAPOLEAO
0.3315345354273361,0.4053252870202995,0.4772972058074734,0.490898419585447,0.17776310569134052,0.17948063135346112,0.28033969796040625,0.20523610816417945,0.2803422962195097,No,ILHA GRANDE
0.28258312772836686,0.37563733894358897,0.42028123091055186,0.4530254406654356,0.2811362399819595,0.2820469591259081,0.1329825029520399,0.06318773045321255,0.13298356216547844,No,INHUMA
0.23384718506650468,0.36240804478856925,0.43856144891620336,0.4750110564108415,0.12943886021142054,0.1311243581535329,0.15603596016129906,0.04929557526132798,0.15603249486978785,No,IPIRANGA DO PIAUI
0.5903936365061647,0.6054981113085021,0.5113553466256178,0.5201367967667317,0.1836200701195526,0.18552437761043594,0.12499023681062567,0.05657256859151818,0.12498677780363454,No,ISAIAS COELHO
0.2975169478949766,0.4209424635101684,0.403412231125389,0.492552805654753,0.15909242120020436,0.15895632845324098,0.046169899866102544,0.04194613086633902,0.04617190970826546,No,ITAINOPOLIS
0.27814408155425785,0.28345841149981016,0.2871371990957668,0.41314687984030257,0.667481650623394,0.6621127470080259,0.02538572848798137,0.08778271873834084,0.025386617021726714,No,ITAUEIRA
0.5168690077306365,0.6431526515434846,0.6369697187006932,0.6500211848568846,0.06758971159146061,0.07060152469838238,0.01781440261944782,0.0,0.017812942943578245,No,JACOBINA DO PIAUI
0.47919337038641646,0.475989765737652,0.41430400881536195,0.4538717547037586,0.33698842371076354,0.3376218668191256,0.05291643619719181,0.1772127419504932,0.052920518733207814,No,JAICOS
0.7256200406388531,0.6173194706190236,0.49737393868241675,0.5038577391406934,0.039160396238351304,0.04303958690079876,0.030426370217496678,0.0,0.030421629397702512,No,JARDIM DO MULATO
0.5488385919480928,0.4849008552729117,0.615157975382973,0.6696148489864269,0.06888366019513156,0.07244708937725781,0.0975630670249265,0.09941189905218682,0.0975586536630773,No,JATOBA DO PIAUI
0.73498226000327,0.63586806691488,0.780016936093086,0.7532810930456599,0.12281516541742053,0.1266684958923124,0.23514342349567732,0.10863407207746831,0.2351435401637437,No,JERUMENHA
0.5157984749555657,0.5502615512969812,0.5906570086183676,0.676225432841289,0.023454577747012536,0.029293142438527202,0.06084488355803098,0.0,0.06084325879540503,No,JOAO COSTA
0.5898904451847691,0.46338785736601046,0.4649508333334601,0.5507636035244958,0.08232795354643163,0.08348525187329119,0.5377116969409594,0.2695493319709566,0.5377097040343566,No,JOAQUIM PIRES
0.5190061712474368,0.5424279222734769,0.537400986399181,0.6004073440644963,0.1296185373195181,0.13274534891268355,0.6330309633923413,0.08885520648335272,0.633025873193848,No,JOCA MARQUES
0.374124071312633,0.3370869696861732,0.5236160357863309,0.5189810329957589,0.3117482357877761,0.31193102470838774,0.29754972054175555,0.20969855925094652,0.2975523070088219,No,JOSE DE FREITAS
0.43205026576854555,0.4072074073812282,0.5303592862999883,0.5745606282379667,0.038637113835166326,0.04182106761285753,0.12499023681062567,0.0,0.12498677780363454,No,JUAZEIRO DO PIAUI
0.6532329448551585,0.46791390337054023,0.4241585491060521,0.520243213432119,0.04701752923161567,0.050109129528396565,0.020104840444219948,0.17189937404972058,0.020108316232626034,No,JULIO BORGES
0.6766008142681069,0.611342467784018,0.8879446540288006,0.9475327974246978,0.1962640459132756,0.19979608282909303,0.03530094674681729,0.1015408122798423,0.035297975417292515,No,JUREMA
0.25082071753848756,0.326799690341711,0.4342651660298098,0.45954429494572785,0.06199593133832487,0.061942898035212524,0.5180712006961157,0.3399921890255809,0.5180668091137955,No,LAGOINHA DO PIAUI
0.584402340301591,0.43574417987805725,0.5353381004984438,0.5980597818086665,0.06813963958907317,0.07014442199655944,0.23406753567069893,0.28309464346106816,0.2340646089403203,No,LAGOA ALEGRE
0.3979933097034773,0.31423896032326504,0.2626474694729756,0.3825625680361054,0.170505458852611,0.17414537198428065,0.7178824074535299,0.10389664637784939,0.7178806405889695,No,LAGOA DO BARRO DO PIAUI
0.38066746342305824,0.3489306950413664,0.29016995614423274,0.4187562679748609,0.14615554573574902,0.14863820745605563,0.08363432484618799,0.1431307750485022,0.08363832532949715,No,LAGOA DE SAO FRANCISCO
0.7392414904232809,0.5732831103874526,0.7821841870603157,0.739329859690975,0.03472016233416029,0.03902676929605356,0.7159209384459562,0.23801126421697286,0.7159131777697857,No,LAGOA DO PIAUI
0.6578888654024773,0.6210717894010686,0.6171715191970273,0.6670218056736967,0.006813924074078975,0.006808095225427067,0.0465843936289507,0.28026205653209707,0.04658444223486852,No,LAGOA DO SITIO
0.6655955864861186,0.6150196009782994,0.713376114152183,0.5991105210696802,0.22317949862237574,0.22631677155603808,0.04149619341044143,0.0913387892141433,0.04149654107343079,No,LANDRI SALES
0.34441367021127745,0.42999536226879514,0.5654603009108583,0.5974506388040022,0.43467641321886064,0.43488569691799805,0.12003730688250269,0.20742653015590232,0.12003638748439782,No,LUIS CORREIA
0.6600014469950205,0.5698450086719197,0.6324948929720158,0.6068975218689641,0.3750965477689068,0.3754671462223478,0.644599642070284,0.4933928867264816,0.6445979394529184,No,LUZILANDIA
0.5425816482778288,0.38857560970849525,0.22900400589885994,0.32086309161370313,0.014857388358637062,0.016965347283771807,0.4621553288043998,0.11639925123679636,0.4621527851234425,No,MADEIRO
0.2506736258722077,0.30764422828729604,0.39960735377896595,0.4447335079119396,0.04946113983666132,0.05271341780824218,0.23287273091000155,0.45208346316029996,0.23286932238888067,No,MANOEL EMIDIO
0.7059681097142873,0.6339546610553889,0.8713410880758604,0.8223912667647989,0.1308506918679305,0.1328139763807289,0.33012719713088573,0.3417137698225781,0.3301212210962788,No,MARCOLANDIA
0.39829894293346346,0.5494393344269537,0.6213181023927856,0.4948071044230599,0.07366871990532317,0.07747968560570659,0.11846258257535068,0.10631762780586697,0.11846030167763229,No,MARCOS PARENTE
0.5552442464921667,0.4187161697301383,0.3975028141698592,0.5051824779501985,0.07119762523049047,0.07387274821572505,0.004115933510037095,0.0,0.004114747508938205,No,MASSAPE DO PIAUI
0.6557262153095561,0.49677481380217664,0.48978391605592314,0.43771552620624515,0.11773614667154353,0.11924687567075068,0.3293121230270709,0.22112238884824836,0.329306733800165,No,MATIAS OLIMPIO
0.614273479793339,0.46119518693023753,0.44460017338618424,0.43682964818845116,0.2930932945286633,0.29336457416919715,0.3174500709140905,0.1719095576619273,0.3174490680996002,No,MIGUEL ALVES
0.4179612239039851,0.34579995849418715,0.5127509985199178,0.6022911261084279,0.07077785901185163,0.08486077604021491,0.2522290167024503,0.0,0.2522266178679473,No,MIGUEL LEAO
0.44985396446860426,0.3887427022956563,0.37217136818192564,0.5211587265760785,0.09601728848739201,0.09860001756656052,0.018340990651956973,0.0,0.01834183079819755,No,MILTON BRANDAO
0.49283651730157135,0.39009516588371645,0.42656376554916114,0.45273700981922227,0.17697948706643915,0.17849628270909904,0.47917512245937105,0.3662543649291093,0.47917239628509173,No,MONSENHOR GIL
0.490219042461536,0.423421377343437,0.5607354173002447,0.6242398699965991,0.259480454393585,0.25925848651129796,0.19411455919898615,0.12482614244131858,0.19411242040237792,No,MONSENHOR HIPOLITO
0.6405945453640162,0.43762402485693824,0.425639210516111,0.4558922371125649,0.08641927901810781,0.0880058407635873,0.17794653063552518,0.18228168807646805,0.17794960756521191,No,MONTE ALEGRE DO PIAUI
0.7102317066661432,0.47944433279806176,0.33841824656224756,0.44284379558137765,0.015567380817081576,0.015554063981480994,0.04189335219747356,0.0,0.04188791808584908,No,MORRO CABECA NO TEMPO
0.5055703676241428,0.4245141206160455,0.38212680754102274,0.4636800088290005,0.05450186753690729,0.05704835179552607,0.5267480647344486,0.1423304558236871,0.5267405699295522,No,MORRO DO CHAPEU DO PIAUI
0.25460073114036275,0.32731711665853586,0.15916602015771045,0.222199143912959,0.051994949948175835,0.05387456335282269,0.07839041602862115,0.15841431015030752,0.07839175781167364,No,MURICI DOS PORTELAS
0.6600534593915582,0.5036100583025296,0.5413013507015786,0.5673365204412714,0.15140810401178167,0.1536798320513898,0.09699750342995049,0.13179966995200676,0.09699803253718083,No,NAZARE DO PIAUI
0.746366363624309,0.7033166918443013,0.9947199956102329,0.8226622491583857,0.13995020859640991,0.14188682145627066,0.11727225601057858,0.3950375988590691,0.11727559288328504,No,NAZARIA
0.37827045873040527,0.448695051043924,0.628624440506189,0.6124733555255311,0.12676067480520944,0.13027087508760712,0.09094428396781833,0.39723933378964177,0.09094755548033596,No,NOSSA SENHORA DE NAZARE
0.7527705804746773,0.7629898498654324,0.7845535288315595,0.7954304855294723,0.07710975767356537,0.07907126382302124,0.5536966255280382,0.4451347343662116,0.553692695000952,No,NOSSA SENHORA DOS REMEDIOS
0.37608897464420243,0.39252282058445415,0.3456667612348481,0.41648205005631705,0.12627244415695524,0.1288487761719516,0.07166398158645121,0.14733858001184733,0.07166430430091604,No,NOVO ORIENTE DO PIAUI
0.7656060359118267,0.6574243433220212,0.8533778782094462,0.9279480180364469,0.20639401079952188,0.21210938203833055,0.2097394213345161,0.0,0.20973576762783222,No,NOVO SANTO ANTONIO
0.293251661681755,0.3788764086936034,0.44418475450329153,0.45832305957840697,0.806894734856094,0.806680408930175,0.37690672261511465,0.18285517957396755,0.37690664071590263,No,OEIRAS
0.5731247299004488,0.535060944191773,0.8993781676849489,0.8394375865510277,0.028691081684836806,0.03583317301955666,0.3373785341199013,0.39336225204464326,0.3373775624616556,No,OLHO D'AGUA DO PIAUI
0.6663467576674581,0.6144672065385325,0.7178584142782193,0.6623718245188387,0.26451627460288335,0.26685592123847823,0.12537991506059354,0.14083834854073643,0.1253781548160528,No,PADRE MARCOS
0.7012922138216147,0.5656742256278915,0.7598834765995218,0.8121278795928552,0.06407547517226965,0.06828870715821929,0.0462216697249847,0.11713220849815666,0.0462247984937274,No,PAES LANDIM
0.41178235535805197,0.47541000951908485,0.2575688830063333,0.35200256259811635,0.026022193074289508,0.02599993285780166,0.016274182794508603,0.1427084357889905,0.016268590408089867,No,PAJEU DO PIAUI
0.3940690332684506,0.4210343552956172,0.5222052193786312,0.48549680671588513,0.16088454360988652,0.1642414160376451,0.150665913461068,0.1918060237512944,0.15066957202394804,No,PALMEIRA DO PIAUI
0.4702707924215138,0.5472287522382397,0.4665290973190972,0.41096688676153903,0.13344540004352962,0.13454334882062,0.13796335386771483,0.13305973970393806,0.1379656857559923,No,PALMEIRAIS
0.5803380247496803,0.5878461372661995,0.532519917096042,0.5983205183769741,0.06706403979373926,0.07147378247307666,0.09675564048059812,0.0,0.09675474412405595,No,PAQUETA
0.6897172851709146,0.5343399429228761,0.483614580494361,0.4924867126023084,0.10787671232876712,0.10941752857920524,0.05832193211094515,0.04481872754044008,0.058325752607417125,No,PARNAGUA
0.0,0.0,0.1283035117205566,0.15995593843075384,0.6363673755957908,0.635707615068143,0.443522835414591,0.42336332530547244,0.4435253548837505,No,PARNAIBA
0.6480102194093618,0.5783632486507629,0.8428467593307215,0.593729566267835,0.07361028620068669,0.07763327969611439,0.41938347463673764,0.33640544091506297,0.41937633544183295,No,PASSAGEM FRANCA DO PIAUI
0.1854619280159532,0.30159593607809815,0.3039967286245717,0.4029888999245081,0.04690915549402507,0.049626029542916665,0.068705418337683,0.0,0.06870253231504793,No,PATOS DO PIAUI
0.7184449807601274,0.665838135393618,0.6593348642604487,0.6701306034882591,0.004360406048393925,0.004356676017556975,0.2590499223649966,0.0,0.25904927119253635,No,PAU D'ARCO DO PIAUI
0.3382702105484452,0.4770154541077701,0.5538980889872269,0.5669418969902442,0.7666015650056586,0.7668040618076812,0.045480195656198444,0.023565701354036392,0.04548435549726036,No,PAULISTANA
0.9056428435488661,1.0,0.894510998414536,0.9204479534221528,0.019187209644550913,0.01917079629156156,0.16727494703442067,0.1315308373372012,0.1672766506589943,No,PAVUSSU
0.6428911578322177,0.47308307433833124,0.5803255739651046,0.5538923376765957,0.4880431564504564,0.4876256469560492,0.09256195526501303,0.12483580839628539,0.09255537455837864,No,PEDRO II
0.8012264467976947,0.6521951895785774,0.6312179426791253,0.6900704799059644,0.048684896396007094,0.04864324977804643,0.05177061852018929,0.19070934104451454,0.051767543210137726,No,PEDRO LAURENTINO
0.6591370034043985,0.644815244401358,0.6349352888793416,0.6888496026749759,0.056453999661762226,0.060434686183189174,0.06767860961667727,0.11057130518721739,0.06767648987708647,No,NOVA SANTA RITA
0.11676404881204273,0.21523777124551843,0.32268705860151975,0.3118306146634441,0.8981046280142876,0.8975614774899078,0.41472499386463324,0.3647911641794436,0.41472212232118305,No,PICOS
0.5005945651612367,0.3939498384817106,0.32690253985091894,0.422533174994131,0.09308405681267368,0.09445691777984395,0.1501909573964449,0.03988116507700906,0.1501935729547907,No,PIMENTEIRAS
0.31491404738781437,0.4522546537546769,0.5178933185571808,0.5821525797846061,0.2297466589840338,0.2305065852013747,0.09514393945929711,0.05249811548319011,0.09514692504601326,No,PIO IX
0.49456565967535887,0.4334768323654492,0.597607495836464,0.5842638153304432,0.7431038488054915,0.7424681739989855,0.15222206103849187,0.20157919720282957,0.15222450231652881,No,PIRACURUCA
0.10485652192704395,0.1165861136135661,0.27808722244037093,0.31476577448096116,0.6663106894609744,0.6660163717621392,0.3425508320331092,0.23521078026349276,0.3425500856798325,No,PIRIPIRI
0.7299136501691456,0.490009813100388,0.49159618214477335,0.463783052359289,0.07437982580242931,0.07571839135224143,0.40153661438744137,0.42329947308862015,0.40153165922697753,No,PORTO
0.4994721393587915,0.44745437434818913,0.4818013678349729,0.38946441164939116,0.052067431633220446,0.058525752922199886,0.5049689151430271,0.17846453464534642,0.5049609680763291,No,PORTO ALEGRE DO PIAUI
0.7698112262143115,0.68772680137393,0.734561861783112,0.7361306194067712,0.0783655330119162,0.08389124638694682,0.07811405924215549,0.0,0.07811673612727159,No,PRATA DO PIAUI
0.413739043472348,0.34438389501007427,0.2003771396991522,0.3391155050463572,0.06080661882099157,0.06271442879365824,0.20458563483583697,0.10757092724396994,0.20458439992384014,No,QUEIMADA NOVA
0.9635941565769032,0.6661036610526367,0.6821031049746442,0.647111751282069,0.1446712984203972,0.1465551467127263,0.14215109719188815,0.2754835320624794,0.14215447756457722,No,REDENCAO DO GURGUEIA
0.595476517349404,0.5974640211301844,0.5992716949852537,0.4990059992416773,0.3119831963571915,0.31269655593696355,0.0822728271977755,0.08070512107390514,0.08227379466457933,No,REGENERACAO
0.7618015310472275,0.6275343080948175,0.640627209702772,0.7005985033636892,0.13498348825831705,0.12260729005810272,0.0,0.0,0.0,No,RIACHO FRIO
0.593615534898244,0.7220329272912788,0.5564005855347119,0.5487588966045572,0.047275878844994665,0.0511717240078699,0.01408577676450359,0.0,0.014089572447058326,No,RIBEIRA DO PIAUI
0.3753737104906743,0.2621431288023358,0.20677942997024676,0.20514439968731135,0.23065425374095205,0.23285753788703753,0.41829568488158225,0.32940940531868196,0.41829740421840955,No,RIBEIRO GONCALVES
0.5546543478574545,0.5677865469776678,0.6038984536222907,0.6240635100832487,0.06032844126967901,0.06301669049959782,0.10279860977265445,0.0751926133222775,0.10279464342380842,No,RIO GRANDE DO PIAUI
0.4203085791035407,0.4096632481325407,0.4283363318279952,0.47165353708551044,0.14698202054794524,0.14968044679871026,0.8129187866161055,0.5425436253561253,0.8129112103069666,No,SANTA CRUZ DO PIAUI
0.36702110197825627,0.25399867889557615,0.21283914913771287,0.30520023355042497,0.0394975322696643,0.04384860535212233,0.05018584563515638,0.0,0.050180879646279805,No,SANTA CRUZ DOS MILAGRES
0.49692847745126784,0.33168106661299,0.3147744801929026,0.3497218120615579,0.1410350429054328,0.1437326849579268,0.05506250408428576,0.1546901931517316,0.05505722566586981,No,SANTA FILOMENA
0.7544014825315111,0.55178010193751,0.507336251861179,0.5090881273491052,0.12340469984571509,0.1263064315055895,0.16000453435210718,0.16506446719757298,0.15999915377943263,No,SANTA LUZ
0.1476232117462815,0.2510378901961178,0.2207725998440948,0.33803808729323886,0.05709271406696189,0.06084680014162439,0.03406928412245689,0.0,0.03407095559457573,No,SANTANA DO PIAUI
0.4344637935413758,0.4561183024357126,0.4567968170804473,0.4944246664468915,0.11742904437918393,0.12068083729820178,0.06394737209580238,0.09199902775135797,0.06394254162347417,No,SANTA ROSA DO PIAUI
0.4374336116122467,0.2994110131621282,0.263922467076845,0.3353599170292406,0.1512207849752827,0.1538385427119261,0.018982803799613597,0.0,0.018987073980833106,No,SANTO ANTONIO DE LISBOA
0.49386133500267426,0.25847977683533985,0.1662468876566707,0.30178096709463087,0.008161889155832219,0.008154907214723723,0.2520797351861452,0.2238032803743123,0.2520785292686539,No,SANTO ANTONIO DOS MILAGRES
0.5419169302412746,0.5056548203969409,0.5555049245612437,0.643825192018397,0.20433519444264106,0.20880040866135027,0.1730079895869643,0.2546808261658182,0.17300979500306757,No,SANTO INACIO DO PIAUI
0.6936700660710989,0.6725601808278615,0.7119651111258416,0.7631000876439875,0.09516821474327389,0.09904875500796967,0.028462218505924206,0.0,0.028464744335611077,No,SAO BRAZ DO PIAUI
0.37665817795538653,0.3205225922573556,0.26256230340761566,0.32893873908029175,0.06594706564353763,0.07188071172407055,0.09102844837562853,0.1643911926882695,0.09103217753707504,No,SAO FELIX DO PIAUI
0.8045102175553435,0.6303569961839013,0.5930231101942972,0.7015921873980127,0.11339707580067364,0.11636223643070072,0.023279154571252444,0.0,0.023281643360341872,No,SAO FRANCISCO DE ASSIS DO PIAUI
0.5519834041977707,0.45429546800707576,0.36101302540163455,0.41167064574481865,0.15927056873948292,0.16187801883388758,0.018956104860381934,0.15059594858754127,0.018955340709555946,No,SAO FRANCISCO DO PIAUI
0.5052427825421919,0.34682685474450714,0.14624166611992956,0.1693969964172552,0.09280022343046854,0.0985158915972724,0.06711478207461698,0.3180788483320545,0.06711586875119,No,SAO GONCALO DO GURGUEIA
0.40086984476930915,0.4242444461496316,0.39617837759337204,0.4068411338051976,0.10551052322484601,0.10893427501925361,0.15152081527042358,0.1928769247812119,0.15151579259133896,No,SAO GONCALO DO PIAUI
0.48135538191211297,0.4589792961075351,0.3725723909580235,0.43588787271516866,0.24114237746147263,0.24476047904191617,0.12150545787731924,0.209912712191358,0.12150669572023949,No,SAO JOAO DA CANABRAVA
0.5217210373610291,0.4089274495583523,0.353736736047247,0.4315484561523336,0.08173776713689108,0.08458455482282703,0.14285592900494865,0.0,0.1428526095326747,No,SAO JOAO DA FRONTEIRA
0.6918997561593361,0.5478093325573943,0.5912874802016361,0.6656637470652454,0.054588533449961736,0.057412459654725405,0.2163741103426155,0.39390689761271286,0.21636802132475833,No,SAO JOAO DA SERRA
0.2931909997638176,0.23170373254336274,0.2809454515639136,0.3517175682419528,0.0655952818974301,0.06918023457217796,0.09152319341618917,0.1998507805325987,0.09151875436332482,No,SAO JOAO DA VARJOTA
0.8861843639692933,0.6975643924602213,0.7438060160343413,0.7767481967702021,0.14129702313283504,0.14338203053150178,0.3338543876410159,0.060538100999986084,0.33385516934989107,No,SAO JOAO DO ARRAIAL
0.4167421040066039,0.33076724516388034,0.3592642189952284,0.3439828398392368,1.0,1.0,0.12026392669466872,0.046952952661413416,0.12025852038333794,No,SAO JOAO DO PIAUI
0.5556516219167977,0.5441526481010903,0.7313149442008368,0.7718425393443231,0.18145928462709285,0.18460049597774147,0.09647878165900295,0.5428045891008854,0.09647972243965391,No,SAO JOSE DO DIVINO
0.5341320454655347,0.5908050114728413,0.49191877849042365,0.48177045548154407,0.07535526821149661,0.07999648233572908,0.0540371334941415,0.0,0.054031183227908355,No,SAO JOSE DO PEIXE
0.4051624733864818,0.35347926470971974,0.37343049209552936,0.4966188187511301,0.10259147742943828,0.1051320178435076,0.05591803523886277,0.0,0.055914023990353084,No,SAO JOSE DO PIAUI
0.49919725302428325,0.4134011486526003,0.47140088788630485,0.5154826931131408,0.09701783534517835,0.0997044101330578,0.13386300143801197,0.07600799762515933,0.1338615160041465,No,SAO JULIAO
0.7971112302000358,0.6730880852964689,0.8058592009434212,0.7563856016576267,0.08485294866533466,0.08863401559007505,0.009112383385236027,0.0,0.009107448856544458,No,SAO LOURENCO DO PIAUI
0.4548328512859364,0.3114843733120203,0.23662088770795722,0.3657366454106624,0.08005072223488696,0.08664743130984627,0.11356660878806422,0.0,0.11356280014385751,No,SAO LUIS DO PIAUI
0.24497009133174993,0.19830288295858484,0.11460183921707587,0.25525108888917847,0.1870244307135355,0.19405153803323208,0.019116626934771362,0.0,0.01911400706594174,No,SAO MIGUEL DA BAIXA GRANDE
0.5988061675339295,0.5131508224951543,0.42068252590604666,0.5065166104166002,0.13348811342952577,0.1391727896625308,0.004508260215896707,0.0,0.004506124521356491,No,SAO MIGUEL DO FIDALGO
0.29450278151843373,0.3613974823852722,0.39647702348280045,0.4880519554989723,0.24566352885150847,0.24645115837852097,0.09037661884933552,0.08214905824179972,0.09037635659734712,No,SAO MIGUEL DO TAPUIO
0.5145716826068293,0.5406590419652046,0.47540768119373994,0.48045840965539327,0.28756681089640673,0.28855395360004227,0.2662293159403576,0.16921100303998632,0.26623156825826655,No,SAO PEDRO DO PIAUI
0.42933863074244155,0.3387238656561142,0.4880674357221682,0.5060768843399901,0.9395670042978417,0.937747840533281,0.3239318300011242,0.09753593264829219,0.3239332331972329,No,SAO RAIMUNDO NONATO
0.6809162459998546,0.6374575651284641,1.0,1.0,0.16778575997978182,0.1727222982688414,0.009743834490967882,0.1394173793280164,0.009742114282087625,No,SEBASTIAO BARROS
0.2313354250050121,0.35449307722975515,0.34252167852832766,0.39073832411847437,0.04929066362110879,0.053352540378023644,0.31778761958373664,0.0,0.31778755632655653,No,SEBASTIAO LEAL
0.481687442590948,0.5384512863072176,0.4728322503362004,0.5186584934337535,0.10012518878079328,0.10179461811363827,0.10394641009040653,0.04816640662173975,0.10394761894687853,No,SIGEFREDO PACHECO
0.24886498626656572,0.2787751242631802,0.2849760190973983,0.3928943160616869,0.16754323124032844,0.16739990940008864,0.1536874156512367,0.033051246421710444,0.15368423279527813,No,SIMOES
0.47112891499069304,0.4061163477709824,0.3687065011091404,0.45071596311309775,0.5134137135023812,0.5143609406158182,0.12819862875704396,0.03804884658082675,0.1282024159597199,No,SIMPLICIO MENDES
0.6058960312052629,0.5588901148169991,0.6154653547768119,0.6435280548694107,0.10422887865514173,0.10799674452801554,0.05542497098582664,0.10585224094744777,0.055427447164103326,No,SOCORRO DO PIAUI
0.14982901457045564,0.2524223167098414,0.2691183080788184,0.3361994600202786,0.12579739054326367,0.12830831650221103,0.27102932562864146,0.21558940069341256,0.2710232922211175,No,SUSSUAPARA
0.6576769328605256,0.5970905012290665,0.5639741542560442,0.6508337303692125,0.04229698433034395,0.04226080213673372,0.04103218603396297,0.0,0.0410311197613658,No,TAMBORIL DO PIAUI
0.38580785616905533,0.415288712194121,0.47263603256864756,0.5485913253071458,0.08292656493844287,0.0892291366633821,0.031977337033949824,0.0,0.03197655969028327,No,TANQUE DO PIAUI
0.07424169063073933,0.00981781050349551,0.0,0.0,0.512629295411464,0.5121295591958727,0.34407159956762146,0.5357330568547607,0.3440732827011361,No,TERESINA
0.6061176182363446,0.41382472620360433,0.5508868076259134,0.4562350710123287,0.4238474451138679,0.4234848724490998,0.19538273769082481,0.282670812883244,0.19538175125346424,No,UNIAO
0.4033090385319487,0.3220077490361014,0.5208113487729905,0.39782066725462006,0.4368965727744412,0.43488753081090814,0.7502299537878714,0.493554854604117,0.7502274217774864,No,URUCUI
0.10702539171724874,0.1861643993748318,0.39760269385024816,0.4125343015531276,0.8204235930384398,0.8205642448729084,0.2873010754863209,0.20808633712592026,0.2873024603862997,No,VALENCA DO PIAUI
0.6537392265640968,0.7147775508414784,0.8379839064187244,0.7947680272276392,0.12122228498799606,0.12468089896616712,0.05955540896133277,0.1955281539878265,0.05955277243013391,No,VARZEA BRANCA
0.47782677963843556,0.5439766129100803,0.5400683716845257,0.5392691438877713,0.1807567549439545,0.1846155104957473,0.07704298014138394,0.0,0.0770378049038482,No,VARZEA GRANDE
0.4672202133033515,0.5940369156428371,0.7046236577586974,0.8225472037159076,0.06878586596978911,0.07445427636764171,0.062863159862315,0.0,0.06286361040005077,No,VERA MENDES
0.3901497764298141,0.4043106933798914,0.400200261487337,0.49144443315580394,0.07717669204133105,0.08304226283212773,0.19336610018711023,0.0,0.1933613996488185,No,VILA NOVA DO PIAUI
0.2773983512946505,0.4241955351551135,0.4007595223923289,0.5088169779872516,0.05534060836408516,0.0592427873969676,0.5522767504694455,0.10839060710194731,0.5522752755505722,No,WALL FERRAZ
